reveal_idx,trials,bestdeck_changed_count,bestdeck_changed_rate
1,861,412,0.478513
2,861,209,0.242741
3,861,150,0.174216
4,861,108,0.125436
5,861,71,0.082462
6,861,42,0.048780
